{
  "Ansi 7 Color (Light)" : {
    "Green Component" : 0.73333334922790527,
    "Blue Component" : 0.73333334922790527,
    "Red Component" : 0.73333334922790527
  },
  "Brighten Bold Text (Light)" : true,
  "Ansi 15 Color (Light)" : {
    "Green Component" : 1,
    "Blue Component" : 1,
    "Red Component" : 1
  },
  "Ansi 2 Color (Light)" : {
    "Green Component" : 0.73333334922790527,
    "Blue Component" : 0,
    "Red Component" : 0
  },
  "Bold Color" : {
    "Red Component" : 0.90727746486663818,
    "Color Space" : "Calibrated",
    "Blue Component" : 0.94574689865112305,
    "Alpha Component" : 1,
    "Green Component" : 0.92092084884643555
  },
  "Ansi 1 Color (Dark)" : {
    "Green Component" : 0,
    "Blue Component" : 0,
    "Red Component" : 0.73333334922790527
  },
  "Use Bright Bold" : true,
  "Ansi 9 Color (Light)" : {
    "Green Component" : 0.3333333432674408,
    "Blue Component" : 0.3333333432674408,
    "Red Component" : 1
  },
  "Ansi 8 Color (Dark)" : {
    "Green Component" : 0.3333333432674408,
    "Blue Component" : 0.3333333432674408,
    "Red Component" : 0.3333333432674408
  },
  "Use Bright Bold (Dark)" : true,
  "Background Color" : {
    "Red Component" : 0.1357133686542511,
    "Color Space" : "Calibrated",
    "Blue Component" : 0.19183900952339172,
    "Alpha Component" : 1,
    "Green Component" : 0.15255947411060333
  },
  "Ansi 8 Color" : {
    "Red Component" : 0.23306176066398621,
    "Color Space" : "Calibrated",
    "Blue Component" : 0.34064260125160217,
    "Alpha Component" : 1,
    "Green Component" : 0.2652154266834259
  },
  "Columns" : 80,
  "Right Option Key Sends" : 0,
  "Ansi 4 Color (Light)" : {
    "Green Component" : 0,
    "Blue Component" : 0.73333334922790527,
    "Red Component" : 0
  },
  "Blinking Cursor" : false,
  "Selected Text Color (Light)" : {
    "Green Component" : 0,
    "Blue Component" : 0,
    "Red Component" : 0
  },
  "Selected Text Color (Dark)" : {
    "Green Component" : 0,
    "Blue Component" : 0,
    "Red Component" : 0
  },
  "Cursor Type" : 0,
  "Keyboard Map" : {

  },
  "Ansi 3 Color (Dark)" : {
    "Green Component" : 0.73333334922790527,
    "Blue Component" : 0,
    "Red Component" : 0.73333334922790527
  },
  "Visual Bell" : true,
  "Cursor Text Color" : {
    "Red Component" : 0.17621420323848724,
    "Color Space" : "Calibrated",
    "Blue Component" : 0.25300124287605286,
    "Alpha Component" : 1,
    "Green Component" : 0.19692185521125793
  },
  "Scrollback Lines" : 1000,
  "Selection Color (Light)" : {
    "Green Component" : 0.8353000283241272,
    "Blue Component" : 1,
    "Red Component" : 0.70980000495910645
  },
  "Ansi 0 Color" : {
    "Red Component" : 0.17621420323848724,
    "Color Space" : "Calibrated",
    "Blue Component" : 0.25300124287605286,
    "Alpha Component" : 1,
    "Green Component" : 0.19692185521125793
  },
  "Match Background Color (Dark)" : {
    "Red Component" : 0.99697142839431763,
    "Color Space" : "P3",
    "Blue Component" : 0.32116127014160156,
    "Alpha Component" : 1,
    "Green Component" : 0.98600882291793823
  },
  "Ansi 11 Color (Light)" : {
    "Green Component" : 1,
    "Blue Component" : 0.3333333432674408,
    "Red Component" : 1
  },
  "Ansi 5 Color (Dark)" : {
    "Green Component" : 0,
    "Blue Component" : 0.73333334922790527,
    "Red Component" : 0.73333334922790527
  },
  "Cursor Text Color (Light)" : {
    "Green Component" : 1,
    "Blue Component" : 1,
    "Red Component" : 1
  },
  "Silence Bell" : true,
  "Rows" : 25,
  "Guid" : "7D84476F-140A-41C0-AF13-A3D71216A401",
  "Ansi 14 Color (Dark)" : {
    "Green Component" : 1,
    "Blue Component" : 1,
    "Red Component" : 0.3333333432674408
  },
  "Use Cursor Guide (Dark)" : false,
  "Ansi 15 Color (Dark)" : {
    "Green Component" : 1,
    "Blue Component" : 1,
    "Red Component" : 1
  },
  "Ansi 0 Color (Dark)" : {
    "Green Component" : 0,
    "Blue Component" : 0,
    "Red Component" : 0
  },
  "Ambiguous Double Width" : false,
  "Option Key Sends" : 2,
  "Ansi 3 Color" : {
    "Red Component" : 0.89902019500732422,
    "Color Space" : "Calibrated",
    "Blue Component" : 0.47280269861221313,
    "Alpha Component" : 1,
    "Green Component" : 0.75577855110168457
  },
  "Window Type" : 0,
  "Smart Cursor Color (Dark)" : false,
  "BM Growl" : true,
  "Prompt Before Closing 2" : false,
  "Command" : "",
  "Smart Cursor Color (Light)" : false,
  "Use Bright Bold (Light)" : true,
  "Use Selected Text Color (Light)" : true,
  "Selected Text Color" : {
    "Red Component" : 0.81214714050292969,
    "Color Space" : "Calibrated",
    "Blue Component" : 0.89225924015045166,
    "Alpha Component" : 1,
    "Green Component" : 0.83857882022857666
  },
  "Ansi 14 Color (Light)" : {
    "Green Component" : 1,
    "Blue Component" : 1,
    "Red Component" : 0.3333333432674408
  },
  "Cursor Guide Color (Dark)" : {
    "Red Component" : 0.74862593412399292,
    "Color Space" : "P3",
    "Blue Component" : 0.99125725030899048,
    "Alpha Component" : 0.25,
    "Green Component" : 0.92047786712646484
  },
  "Send Code When Idle" : false,
  "Ansi 6 Color" : {
    "Red Component" : 0.4660642147064209,
    "Color Space" : "Calibrated",
    "Blue Component" : 0.77356863021850586,
    "Alpha Component" : 1,
    "Green Component" : 0.70216643810272217
  },
  "Jobs to Ignore" : [
    "rlogin",
    "ssh",
    "slogin",
    "telnet"
  ],
  "Badge Color (Dark)" : {
    "Red Component" : 0.92929404973983765,
    "Color Space" : "P3",
    "Blue Component" : 0.13960540294647217,
    "Alpha Component" : 0.5,
    "Green Component" : 0.25479039549827576
  },
  "Use Underline Color (Light)" : false,
  "Cursor Color" : {
    "Red Component" : 0.81214714050292969,
    "Color Space" : "Calibrated",
    "Blue Component" : 0.89225924015045166,
    "Alpha Component" : 1,
    "Green Component" : 0.83857882022857666
  },
  "Vertical Spacing" : 1.25,
  "Minimum Contrast (Light)" : 0,
  "Disable Window Resizing" : false,
  "Use Selected Text Color (Dark)" : true,
  "Close Sessions On End" : true,
  "Selection Color (Dark)" : {
    "Green Component" : 0.8353000283241272,
    "Blue Component" : 1,
    "Red Component" : 0.70980000495910645
  },
  "Default Bookmark" : "No",
  "Tab Color" : {
    "Red Component" : 0.17621420323848724,
    "Color Space" : "Calibrated",
    "Blue Component" : 0.25300124287605286,
    "Alpha Component" : 1,
    "Green Component" : 0.19692185521125793
  },
  "Minimum Contrast (Dark)" : 0,
  "Custom Command" : "No",
  "Foreground Color (Light)" : {
    "Green Component" : 0.73333334922790527,
    "Blue Component" : 0.73333334922790527,
    "Red Component" : 0.73333334922790527
  },
  "Ansi 9 Color" : {
    "Red Component" : 0.68855589628219604,
    "Color Space" : "Calibrated",
    "Blue Component" : 0.34168937802314758,
    "Alpha Component" : 1,
    "Green Component" : 0.29435792565345764
  },
  "Background Color (Dark)" : {
    "Green Component" : 0,
    "Blue Component" : 0,
    "Red Component" : 0
  },
  "Ansi 14 Color" : {
    "Red Component" : 0.49344515800476074,
    "Color Space" : "Calibrated",
    "Blue Component" : 0.67779052257537842,
    "Alpha Component" : 1,
    "Green Component" : 0.68614721298217773
  },
  "Flashing Bell" : false,
  "Use Italic Font" : true,
  "Ansi 13 Color (Dark)" : {
    "Green Component" : 0.3333333432674408,
    "Blue Component" : 1,
    "Red Component" : 1
  },
  "Cursor Guide Color (Light)" : {
    "Red Component" : 0.74862593412399292,
    "Color Space" : "P3",
    "Blue Component" : 0.99125725030899048,
    "Alpha Component" : 0.25,
    "Green Component" : 0.92047786712646484
  },
  "Ansi 12 Color" : {
    "Red Component" : 0.43401443958282471,
    "Color Space" : "Calibrated",
    "Blue Component" : 0.70459425449371338,
    "Alpha Component" : 1,
    "Green Component" : 0.56080448627471924
  },
  "Ansi 10 Color (Light)" : {
    "Green Component" : 1,
    "Blue Component" : 0.3333333432674408,